Produit,Laboratoire,Quantité,DDP,PPA,image_path,Famille,Conseils,Composition
UL HUMER ENFANT /NOURSS  ISOTONIQUE 150ML C/12,URGO,13,2026-09-01,1400.0,,,,
UL HUMER ENFANT /NOURSS  ISOTONIQUE 150ML C/12,URGO,0,2026-09-01,0.0,,,,
FORTIMEL 2 K CAL/ML SAVEUR FRAISE, ,12,2026-11-01,700.0,FORTIMEL_2_K_CAL_ML_SAVEUR_FRAISE.png,,,
FORTIMEL 2.4 K CAL/ML SAVEUR FRUITS ROUGE, ,8,2026-11-01,700.0,FORTIMEL_2_4_K_CAL_ML_SAVEUR_FRUITS_ROUGE.png,,,
CIC.SPARADRAP COTON BEIGE 1.25CM X 5M B/12, ,36,2026-11-01,77.59,,,,
VIDAROC MAGNES 09 VIT + 3 MINERAUX B/10 CP EFF,MOBEN,47,2026-11-01,750.0,,,,
ACCU-TELL TEST DE GROSSESSE B/25, ,12,2026-11-01,1326.97,,,,
FORTIMEL 2.4 K CAL/ML SAVEUR PECHE MANGUE, ,24,2026-12-01,700.0,FORTIMEL_2_4_K_CAL_ML_SAVEUR_PECHE_MANGUE.png,,,
FORTIMEL 2.4 K CAL/ML SAVEUR FRAISE, ,4,2026-12-01,700.0,FORTIMEL_2_4_K_CAL_ML_SAVEUR_FRAISE.png,,,
FORTIMEL 2.4 K CAL/ML SAVEUR CARAMEL, ,8,2026-12-01,700.0,FORTIMEL_2_4_K_CAL_ML_SAVEUR_CARAMEL.png,,,
FORTIMEL 2.4 K CAL/ML SAVEUR VANILLE , ,0,2026-12-01,700.0,,,,
FORTIMEL PROTEINE SAVEUR VANILLE 200ML, ,4,2026-12-01,700.0,,,,
FORTIMEL DIACARE GOUT FRAISE 200ML, ,4,2026-12-01,700.0,,,,
FORTIMEL 2.4 K CAL/ML SAVEUR VANILLE , ,0,2027-01-01,700.0,,,,
BIODERMA ATODERM HUIL DE DOUCHE 1LITRE , ,0,2027-01-01,0.0,,,,
FORTIMEL PROTEINE SAVEUR BANANE 200ML, ,16,2027-01-01,700.0,,,,
BIOMAX VITAMINE C 250 + BISGLYSINATE DE ZINC10 MG GOUT AGRUMES B/10 CAPS EFFERVESCENT C/24 , ,0,2027-01-01,620.0,,,,
UL.HUMER ADULTE ISOTONIQUE F/150ML C/12,URGO,1,2027-02-01,1400.0,,,,
UL HUMER ENFANT /NOURSS  ISOTONIQUE 150ML C/12,URGO,0,2027-02-01,0.0,,,,
ORTHOPRO GENOUILLERE REGLABLE, ,7,2027-02-01,412.09,,,,
MAGPHARM GLUCOFLEX 750MG GLS B/30 - ARTHROSE,MAG PHARM,3,2027-02-01,980.0,,,,
ORTHOPRO PORTE PLATRE ADULTE, ,5,2027-02-01,420.86,,,,
TOUCHER NIACINAMIDE 10% + ZINC 1% 30ML, ,2,2027-03-01,2450.0,,,,
TOUCHER PACK ANTI CHUTE (SERUM+SHAMPOING) , ,0,2027-03-01,0.0,,,,
SENSODYNE DENTIFRICE 75ML BLANCHEUR , ,0,2027-03-01,666.66,,,,
UL HUMER SPRAY AURICULAIRE 75ML, ,1,2027-03-01,990.0,,,,
MAG PRO SIROP 122MG/10ML FL/100ML,DERMOSTYLE,60,2027-03-01,350.0,,,,
SAFFEC CARE COTIFLEX COTON TIGE AD 100 BONNETS C/48, ,36,2027-04-01,46.73,,,,
NHP MAGNESIUM 300MG CP EFFERVESCENTE B/10,NEO HEALTH PHARMA,154,2027-04-01,690.0,,,,
MAGPHARM SOLYNE VITAMINE C 1G TONUS +ZINC 10MG +D3 2000UI EFFER T/15 C/24, ,6,2027-05-01,650.0,,,,
MAGPHARM TISANE SANTE VIE RHUMES-GRIPPE SCHT B/15 C/48,AUCUN,11,2027-05-01,435.0,,,,
ELAPHARM DAKIN  STABILISEE FL/250 ML C/24, ,18,2027-05-01,35.0,,,,
UL.ALVITYL A CROQUER COMP B/20,AUCUN,37,2027-05-01,1300.0,,,,
MAGPHARM BABY GAZ SIROP 100ml ,AUCUN,0,2027-06-01,635.0,,,,
MAGPHARM PHYBABY GOUTTES 60ml ,AUCUN,0,2027-07-01,440.0,,,,
BIOMAX BIOVIE CHARBON VEGETAL B20 CAPS C/30,BIOMAX,15,2027-07-01,650.0,,,,
BIOMAX ZINC 20MG B/30 COMP CAPS C/48,AUCUN,13,2027-07-01,860.0,,,,
SENSODYNE DENTIFRICE 75ML COMPLET, ,7,2027-07-01,666.66,,,,
STOPCOLIC 120ml SIROP ENF/NOURSS,AJANTA,54,2027-07-01,790.0,,,,
HYDRACYD-PLUS HYGIENE INTIME SAVON LIQUIDE FL/120ML,NEW GALENICA Production,15,2027-08-01,650.0,,,,
LDM BIOKINE GEL ROLLON BILLE MASSANTE ANTI DOULEURS MUSCULAIRES  C/32 50G,LDM,5,2027-09-01,472.5,,,,
PRODERMA GLYCERINE LIQUIDE 60ML C/40, ,3,2027-09-01,100.0,,,,
FLUISEDAL SIROP 130MG/15MG/5ML B/1FL. DE 125ML,ELERTE,39,2027-09-01,227.61,,,,
SCI NUTRIGEST + MAGNESIUM 150MG B/30 ,SCI PHARM,0,2027-09-01,985.0,,,,
VOMITEB COMP BT/30 ,PHYTOPHARM,0,2027-09-01,580.0,,,,
BIOMAX MAG MAX MAGNESIUM 410MG+ VITAMINE B1.B2.B6 30CPS PPA 850,AUCUN,2,2027-09-01,850.0,,,,
PARODONTAX BLACHEUR GENCIVES + SENSIBILITÉ & HEALEINE 75 ML, ,6,2027-10-01,1000.0,,,,
SCI NUTRIGEST PROPOLIS 50MG BT/30 CPS C/48, ,2,2027-10-01,1200.0,,,,
BIOGAIA GOUTTES PROBIOTIQUES 5ML , ,0,2027-11-01,0.0,,,,
MAGPHARM AVENE CICALFATE CREME GM 100ML ,AUCUN,0,2027-11-01,0.0,,,,
VITAMINE D3 100 000 UI BUV DE 10ML , ,0,2027-11-01,750.0,,,,
ROVAC PROSTAC POUR PROSTATE CAPS HUILE VIERGE DE PEPINS DE COURGE 700MG. B/30 CAPS, ,2,2027-11-01,695.0,,,,
IMC NIPRO SERINGUE 20ML G21 B/50 C/800, ,30,2027-11-01,29.7,,,,
OK PHARMA BIOMAG 400MG/BTE 12 COMP.EFFE,OK PHARMA,10,2027-12-01,897.0,,,,
MOBEN VIDAROC VITAMINE C 1000MG + ZINC 15MG EFFER B/15 COMP S/SUCRE C/110, ,11,2027-12-01,650.0,,,,
MAGPHARM SOLYNE BOOST B/10 COMP, ,3,2027-12-01,1200.0,,,,
 ASCALOL LOTION ANTI PARASITAIRE C/30 125ML  ,PHARMIDAL,0,2027-12-01,268.36,,,,
 ASCALOL LOTION ANTI PARASITAIRE C/30 125ML  ,PHARMIDAL,0,2027-12-01,268.36,,,,
ARTIFLEX B/30 CP,THERAPLOS,3,2027-12-01,1400.0,,,,
MARVIS DENT 85ML AQUATIC MINT, ,1,2028-01-01,2400.0,MARVIS_DENT_85ML_AQUATIC_MINT.png,,,
GARNIER DELIAL HYDRA 24 PROTECT 50+ VITAMINE 270ML , ,0,2028-01-01,0.0,,,,
CETAPHIL INTENSIVE REPAIR LOTION 473ML , ,0,2028-01-01,0.0,CETAPHIL_INTENSIVE_REPAIR_LOTION_473ML.png,,,
LA ROCHE POSAY ANTHELIOS UV SPF50+ KIDS, ,3,2028-01-01,2800.0,,,,
ORDINARY HYALURONIC ACID 2% 60ML, ,2,2028-01-01,3900.0,,,,
MARVIS 85ML GINGER MINT , ,0,2028-01-01,0.0,MARVIS_85ML_GINGER_MINT.png,,,
MARVIS DENT 85ML CINNAMON MINT , ,0,2028-01-01,0.0,MARVIS_DENT_85ML_CINNAMON_MINT.png,,,
MARVIS DENT 85ML CLASSIQUE STRONG MINT, ,4,2028-01-01,2450.0,MARVIS_DENT_85ML_CLASSIQUE_STRONG_MINT.png,,,
FORTIMEL EXTRA AROME CHOCO 200ml BOISSON,NUTRICIA,20,2028-01-01,700.0,,,,
BIODERMA SEBIUM SERUM 30ML, ,2,2028-01-01,4850.0,,,,
BIODERMA SEBUIM PORE REFINER 30ML, ,2,2028-01-01,2950.0,,,,
CERAVE 473ML GEL MOUSSANT GRASSE, ,2,2028-01-01,3350.0,,,,
LA ROCHE POSAY ANTHELIOS UV MUNE INVISIBLE FLUD 50+, ,2,2028-01-01,2750.0,,,,
MARVIS DENT 85ML AQUATIC MINT, ,0,2028-01-01,0.0,MARVIS_DENT_85ML_AQUATIC_MINT.png,,,
EUCERIN ANTI PIGMENT GEL NET 400 ML ROSE ,zz,0,2028-01-01,0.0,,,,
BIOXCIN HERBAL SHAMPOO 3PCS ,zz,0,2028-01-01,0.0,,,,
BIODERMA SEBIUM GEL MOUSSANT NETTOYANT PURIFIANT A/PAMPE 200ML ,BIODERMA,0,2028-01-01,0.0,,,,
VICHY 3 EN 1 SPF 50++,zz,2,2028-01-01,2950.0,,,,
EUCERIN ANTI PIGMENT SERUM DUO F/30ML ,zz,0,2028-01-01,0.0,,,,
LDM BIOKINE GEL ANTI DOULEURS MUSCULAIRES T/100GR,LDM,5,2028-01-01,472.5,,,,
GREENOVAR STIMULUM FORTIFIANT SEXUELLE GELLU/4 C/90, ,2,2028-01-01,1580.0,,,,
 ASCALOL LOTION ANTI PARASITAIRE C/30 125ML  ,PHARMIDAL,0,2028-01-01,268.36,,,,
CBC BE FRESH MINI SEMELLE PARFUME (NOIR) PREMIUM B/20, ,3,2028-01-01,2000.0,,,,
CBC BE FRESH MINI SEMELLE PARFUME (MAUVE)  B/20, ,3,2028-01-01,2000.0,,,,
CBC BE FRESH MINI SEMELLE PARFUME (JAUNE) ACTIF B/20, ,3,2028-01-01,2000.0,,,,
CBC BE FRESH MINI SEMELLE PARFUME (BLEU) CONFORT P/20 , ,0,2028-01-01,0.0,,,,
UL.URGO APHTES C/48,AUCUN,2,2028-01-01,900.0,,,,
GALDERMA DAYLONG EXTREME SPF50+ 100ML PROTECTION DE LA PEAU, ,3,2028-02-01,3706.5,,,,
SIMBEL MAXI FRESH SPRAY BUCCAL HALEINE MENTHE 13ML BT/16 FLACONS, ,14,2028-02-01,95.5,,,,
SIGNAL DENT ANTI-CARIES 75ML ROUGE CLASSIC P/12 C/72, ,9,2028-02-01,173.36,,,,
SCI NUTRIGEST+CHEVEUX ET ONGLES BT/60 GELULES C/24, ,2,2028-03-01,2520.0,,,,
NUTRISANTE FORCE G STIMULANT 10 AMP C/23, ,4,2028-03-01,1390.0,,,,
SS.ALBUPLAST SPARADRA NON PERFORE 18CM*4CM C/50,AUCUN,40,2028-03-01,785.93,,,,
VENUS CREME DEPILATOIRE ALOE VERA 100 ML,VENUS,12,2028-03-01,113.32,,,,
SOLYNE GROSSESSE + METAFOLINE B/15     ,SOLYNE,0,2028-03-01,715.0,,,,
APOTHEKE ACTIMER HYPERTONIQUE NEZ BOUCHE ROUGE 150ML,AUCUN,5,2028-03-01,590.0,,,,
MAGPHARM THYMOSEPTINE SIROP 100ML C/48,MAG PHARM,59,2028-03-01,599.0,,,,
NOVAMEDIC VASELINE CODEX BLANCHE 40G B/18, ,51,2028-03-01,100.0,,,,
SAFFEC CARE COTIFLEX COTON DISQUES DEMAQUILLANTS P/12 C/48, ,38,2028-03-01,177.87,,,,
DEXERYL CREME EMOLLIANTE T/250G,PIERRE FABRE,1,2028-03-01,1099.0,,,,
DEVLOR MAGNESIUM 400 MG+VIT(B1+B6+B12) BT/20 CP C/54, ,1,2028-04-01,1100.0,,,,
NUTRISANTE VITAVEA ULTRABIOTIQUE INSTANT B/10 GLS, ,2,2028-04-01,1177.06,,,,
AMB NEWGATE VITAMINE C EN POUDRE 50G C/120, ,4,2028-04-01,800.0,,,,
BPN  METHYLCOBALAMINE 250 MICROGRAMMES B60.B12, ,2,2028-04-01,1000.0,,,,
AYSHILA GEL INTIME 150ML,EURL KHALILE GROUPE,38,2028-04-01,539.6,,,,
TOUCHER SHAMPOING FORTIFIANT ET ANTI-CHUTE 250ML, ,1,2028-05-01,1900.0,,,,
KALOSE DELICE SOLUTION ANTI POUX C/56 50ML  , ,0,2028-05-01,0.0,,,,
SCI  NUTRIGEST+CHEVEUX ET ONGLES BT/30 GELULES C/48, ,2,2028-05-01,1480.0,,,,
SS.ALBUPLAST sparadra PERFORE 18cm,AUCUN,40,2028-05-01,785.93,,,,
VENUS ECRAN TOTAL SPF 60 TEINTE T/50ML, ,6,2028-05-01,330.0,,,,
VENUS ECRAN TOTAL SPF60 INVISIBLE - TUBE/50ML        , ,0,2028-05-01,330.0,,,,
DERMASOFT GEL MAINS HYDROALCOOLIQUE BACTERCLEAN C/28 80ML, ,6,2028-05-01,93.1,,,,
DERMASOFT GEL MAINS HYDROALCOOLIQUE BACTERCLEAN C/28 80ML, ,0,2028-05-01,93.1,,,,
FORSAGEL MAGNESIUM,GENIS,16,2028-05-01,1300.0,,,,
MUSTELA LINGETTE FRAGANCE (VERT), ,12,2028-06-01,1270.0,,,,
SOLYNE ENERGY VIT C+ZINC+GINSENG BT/30 C/90,MAG PHARM,3,2028-06-01,650.0,,,,
UPS PROSUITEX DENT JUNIOR PROPOLIS ICE CREAM 6ANS ET PLUS 50G P/12 C/72, ,10,2028-06-01,120.0,,,,
KALOS MOSTAL SOLUTION SPRAY POUR FORTIFIE LES CHEVEUX 50ML C/56, ,2,2028-06-01,2999.0,,,,
SANEWTOL GEL TUBE 75G 75  ,NEW GALENICA Production,0,2028-06-01,415.0,,,,
NEWBO 0.25% T 30G -MEBO-,NEW GALENICA Production,16,2028-06-01,1200.0,,,,
LEADERMAX APHTES GEL BRULURES  T/15ML , ,0,2028-07-01,450.0,,,,
DERMILYNE HEMO PLUS 50GR CREME HEMORROIDES  FISSURES ANALES C/100, ,39,2028-07-01,785.0,,,,
HIGEEN BARRAD GM T/120ML            , ,0,2028-08-01,499.0,,,,
KALOS CORNEX GEL 15G   C/180,AUCUN,2,2028-08-01,890.0,,,,
CHICCO SHAMPOING POUR BEBE 500ML C/6, ,3,2028-08-01,1584.0,,,,
JUVAMINE MAGNESIUM +B6/300MG/2MG COMP B/30, ,9,2028-08-01,1250.0,,,,
KALOS CORNEX GEL 15G   C/180,AUCUN,0,2028-08-01,890.0,,,,
BPN CHARDON MARIE 500MG B/30 GELS, ,3,2028-08-01,1500.0,,,,
COMPRESSE NON STERILES(PURIFIEE) 10CM*10CM , ,0,2028-08-01,77.3,,,,
NEWTRIL BAIN DB F/125ML ,NEW GALENICA Production,0,2028-08-01,320.0,,,,
UL JUVAMINE MARIE ROSE LOTION ANTI-POUX EXPRESS 100ML C/12, ,3,2028-09-01,2000.0,,,,
LRP CICAPLAST BAUME B5+ ULTRA REPARATEUR APAISANT T/100ML , ,0,2028-09-01,0.0,,,,
LRP CICAPLAST BAUME B5+ ULTRA REPARATEUR APAISANT T/100ML , ,0,2028-09-01,0.0,,,,
VOMITEB 100 ML SIROP ,PHYTOPHARM,0,2028-09-01,480.0,,,,
DABUR MISWEK ORIGINAL 30+15G FREE C/144 DENTIFRICE , ,0,2028-09-01,90.0,,,,
SIMBEL INHALATEUR B/24, ,24,2028-09-01,69.79,,,,
GARDENE DOCTOR BAIN DE BOUCHE 250 ML PROTEGE LA GENCIVE (ROUGE) C/18, ,13,2028-09-01,179.2,,,,
ZEIN PHARMA FRUCHT-PLUS SELENIUM + Q10 BT 30 CPS ,ZEIN PHARMA,0,2028-09-01,0.0,,,,
LEADERMAX APHTES GEL BRULURES  T/15ML , ,0,2028-09-01,450.0,,,,
AVIZOR AQUASOFT SOLUTION LENTILLES GM 350ml,AUCUN,9,2028-09-01,1035.0,,,,
MAXI CHAZEN SHAMP BEBE TRES DOUX 250ML, ,9,2028-09-01,220.0,,,,
UPS PROSUITEX DENT JUNIOR MIEL ET PROPOLIS 6 ANS ET PLUS 50GR P/12 C/72 , ,0,2028-09-01,120.0,,,,
BK PHYTOSOFT THERMOL HUILE DE MASSAGE CHAUFFANTE 150ML C/30, ,24,2028-09-01,350.0,,,,
SPIC AKIPOUX LOTION ANTI POUX ET LENTES 200ML   .  ,AUCUN,0,2028-09-01,250.0,,,,
POULLOX LOTION ANTI POUX C/30 220ML,PHYTO SOFT,20,2028-09-01,220.0,,,,
POULLOX SHAMPOING ANTI POUX C/30  220ML  ,PHYTO SOFT,0,2028-09-01,220.0,,,,
SANEWTOL BAIN DE BOUCHE FL/225 ML ,NEW GALENICA Production,0,2028-09-01,345.0,,,,
A-DERMA EXOMEGA CONTROL 500ML, ,2,2028-10-01,3600.0,A_DERMA_EXOMEGA_CONTROL_500ML.png,,,
MUSTELA LINGETTE SENSETIVE (SKIN), ,12,2028-10-01,1270.0,,,,
MAGPHARM GENI KID SIROP MEMOIRE 100ML C/48, ,43,2028-10-01,450.0,,,,
BIONUTREX ZINC 30MG BISGLYCINATE B/30, ,34,2028-10-01,999.0,,,,
INALPHARM GESTA PLUS GROSSESSE ALLAITEMENT B/15 CAPS C/22,INALPHARM,8,2028-10-01,600.0,,,,
DUREX PRESERVATIF BT/3 -STRAWBERRY- EXTRA THIN (EXTRA-FIN) PACK/27.(FRAISE) .-ROUGE-, ,15,2028-10-01,389.4,,,,
DUREX PRESERVATIF BT/3 -CHOCOLATE- EXTRA THIN (EXTRA-FIN) PACK/27., ,15,2028-10-01,389.4,,,,
DUREX PRESERVATIF BT/3 -BUBBLE GUM- EXTRA THIN (EXTRA-FIN) PACK/27. -CHEWING GUM- (ROSE), ,14,2028-10-01,389.4,,,,
ELAPHARM ALCOOL CHIRURGICAL F/250ML C/24,ZZ,14,2028-10-01,143.0,,,,
SCI ZINC 20 MG BT/30 CP C/48, ,24,2028-10-01,1220.0,,,,
POLIDENT CREME FIXATIVE ORIGINAL -HALEON- (BLEU) 44GR, ,5,2028-10-01,1150.0,,,,
VENUS CREME DEPILATOIRE HUILE AMANDE DOUCE 100ML C/48, ,12,2028-10-01,113.32,,,,
MAGILIGHT SUCRE SACHET B/50, ,25,2028-10-01,93.0,,,,
COMPRESSE 7.5* 7.5 STERILE B/10 CL/114 (TECHNIPHARM)         ,AUCUN,0,2028-10-01,71.83,,,,
COMPRESSE STERILE 10*10CM B/10 CL/90 (TECHNIPHARM)    ,TECHNILAB,0,2028-10-01,93.53,,,,
SIGNAL  DENT INTEGRAL 8 GIROFLE SENSIBILITE  (CLOU DE GIRONFLE) 75ML C/24, ,22,2028-10-01,264.5,,,,
URIAGE EAU THERMALE REPARATRICE 300ML, ,4,2028-11-01,2550.0,URIAGE_EAU_THERMALE_REPARATRICE_300ML.png,,,
NUTRAXIN COMPLEXE MULTI-VITAMINE HOMME B/60 CP,NUTRAXIN ,3,2028-11-01,2400.0,,,,
BIONUTREX VITAMINE E 400UI B/30CP C/120, ,10,2028-11-01,759.0,,,,
SCI ARTHROFIT + CURCUMA COMP B30 ,SCI PHARM,0,2028-11-01,0.0,,,,
NUTRAXIN ZINC 15MG B/100 CP C/30, ,3,2028-11-01,1500.0,,,,
NUTRAXIN VITAMINE B 12  1000MG B/60 CP SUBLINGUAL C/30, ,3,2028-11-01,1200.0,,,,
GEB SUPLEMENTO VITAMINE C EN POUDRE 50 GR C/12, ,12,2028-11-01,540.0,,,,
SCI APETTI 4 B/30 PPA:890,SCI PHARM,5,2028-11-01,890.0,,,,
ELAPHARM EOSINE 2% 60ML, ,45,2028-11-01,37.44,,,,
XETION DORMIVIT MELATONINE 3MG B/30 C/60 PR SOMMEIL ,xetion,0,2028-11-01,733.92,,,,
XETION DORMIVIT 3MG MELATONINE  B/15 PR SOMMEIL ,xetion,0,2028-11-01,400.0,,,,
TECHNIPHARM COMPRESSE STERILE 5*5CM B/10 CL/120 ,TECHNILAB,0,2028-11-01,0.0,,,,
BIOPLUS BIOSEL SEL DE REHYDRATATION POUDRE GOUT FRAISE B/10 SACHETS V/48, ,67,2028-11-01,449.98,,,,
NUTRAXIN CHROMIUM PICOLINATE 200 MCG B/90 CP C/30, ,5,2028-11-01,1500.0,,,,
XETION DORMIVIT MELATONINE 3MG B/30 C/60 PR SOMMEIL ,xetion,0,2028-11-01,800.0,,,,
ALPHACARE NTC COLLAGEN CARE+ B/14 SACHETS C/35, ,3,2028-11-01,2590.0,,,,
BPN BERBERINE 500MG 30/GELS., ,3,2028-11-01,2000.0,,,,
GYNORELLE SOLUTION LAVANTE DOUCE 125ML C/25  ,INALPHARM,0,2028-11-01,507.0,,,,
UPS PROSUITEX DENT TRAITEMENT SENSIBILITE 100GR ROSE, ,12,2028-11-01,309.0,,,,
NUTRAXIN COMPLEXE MULTI-VITAMINE FEMME B/60 CP C/30, ,2,2028-11-01,2400.0,,,,
NOVAMEDICOS BICARBONATE DE SODIUM MULTI USAGE 100GR, ,8,2028-11-01,111.93,,,,
NOVAMEDICOS BICARBONATE DE SODIUM MULTI USAGE 100GR, ,0,2028-11-01,111.93,,,,
BIOPLUS BIOSEL SEL DE REHYDRATATION POUDRE GOUT BANANE B/10 SACHETS V/48, ,7,2028-11-01,450.0,,,,
CURELAB CURE VERRUE GEL FILMOGENE ,ZZ,0,2028-11-01,380.0,,,,
AVIZOR AQUASOFT SOLUTION LENTILLES PM 120ml,AUCUN,18,2028-11-01,782.0,,,,
INALPHARM DERMHYGIENE PAIN SRGRAS 100GR C/24, ,19,2028-11-01,360.0,,,,
SIGNAL DENT WHITE NOW GOLD EXTRA BRILLANCE 75ML C/24, ,17,2028-11-01,336.16,,,,
ELAPHARM EAU OXYGENEE 10V F/60ML C/30, ,30,2028-11-01,25.0,,,,
BPN MAGNESIUM BISGLYCINATE 500 MG B/40 GELLU,ZZ,1,2028-12-01,950.0,,,,
IMC BIOLYSE BIODOSE SERUM 10 ML BT/50 C/12,ZZ,24,2028-12-01,962.0,,,,
MEDICINO SEROMED SERUM PHYSIOLOGIQUE 500 ML C/14,ZZ,60,2028-12-01,104.0,,,,
EMAG MAGNISIUM 122G SOL BUV AMP 10ML,NEW GALENICA Production,2,2028-12-01,495.0,,,,
EMAG MAGNISIUM 122G SOL BUV AMP 10ML,NEW GALENICA Production,0,2028-12-01,495.0,,,,
HERBEZAL TISANE ORIGAN PF030, ,10,2028-12-01,67.93,,,,
MEDICINO SEROMED SERUM PHYSIOLOGIQUE 500 ML C/14,ZZ,0,2028-12-01,104.0,,,,
SPIC XETHOL GEL CHAUFFANT 100ML  C/24 .  ,AUCUN,0,2028-12-01,337.0,,,,
SIMBEL BAUME A LEVRE PARFUME HYDRATANT  PCK/24, ,48,2028-12-01,94.5,,,,
BETADERM SOL DERMIQUE 125ML 10%,GPA,5,2028-12-01,245.82,,,,
TISANE SANTE VIE GAZ COLON  SCHT B/15  C/16 (MAGPHARM), ,12,2028-12-01,435.0,,,,
DEVLOR COLLAGENE 1000+ BIOTINE B/30 C/37, ,2,2028-12-01,2850.95,,,,
SIMBEL EAU DE ROSE  SPRAY 200ML C/35, ,30,2028-12-01,102.99,,,,
CIC COMPRESSE STERILE STERIPAD 10*10  B/100 C/12,ZZ,12,2028-12-01,773.5,,,,
AKIPOUX TALC  100GR, ,15,2028-12-01,209.7,,,,
BIODERMA ATODERM HUIL DE DOUCHE 500ML, ,2,2029-01-01,2900.0,BIODERMA_ATODERM_HUIL_DE_DOUCHE_500ML.png,,,
LEADER LEADERMAX GEL REPARATEUR T/15ML POUR LES PLAIS BRULURES , ,0,2029-01-01,520.0,,,,
DERMILYNE RHINO BIO NEZ BOUCHE FLACON 40ML C/55, ,50,2029-01-01,520.0,,,,
SCI LES-NEUF B B/30 CAPS,SCI PHARM,3,2029-01-01,946.0,,,,
NUTRAXIN MAGNESIUM PLUS +(VIT;D3;K2;B6) -DAILY-, ,3,2029-01-01,1500.0,,,,
UPS PROSUITEX DENT TRAITEMENT ANTI-TARTRES (SILICOPOLISH) 100GR P/12 , ,0,2029-01-01,206.0,,,,
SPIC XETHOL ROLL ON pour les douleurs musculaires 75ml (PPA:288.50),AUCUN,14,2029-01-01,395.0,,,,
DERMASOUFRE SOLUTION VISAGE ET CORPS 240ML A/POMPE, ,8,2029-01-01,270.4,,,,
SPIC AKILEINE SPRAY DEO NOIR DEODORANT PIED ANTI TRANSPIRANT 150ML P/8 C/16 , ,0,2029-01-01,436.64,,,,
SPIC AKIPOUX SHAMPO ANTI POUX ET LENTES 200ML  .  ,AUCUN,0,2029-01-01,250.0,,,,
DERMILYNE MELASKARE CREME ESCARRES/PIEDS DIABETIQUE T/75GR C/65 ., ,9,2029-02-01,2500.0,,,,
BIONUTREX VITAMINE C + ZINC (300MG/15MG) 30 GELLULES C/50, ,20,2029-02-01,985.0,,,,
PRODERMA POLYDERMYL 50ML CREME EMOLLIENTE C/48 (PRODERMA )  ,PRODERMA,0,2029-02-01,299.0,,,,
VASELINE SALICYLEE 50% POT 40GR C/18, ,8,2029-02-01,133.12,,,,
BPN MELATONINE 2MG B/30 GELS, ,2,2029-02-01,1000.0,,,,
PRODERMA POLYDERMYL 200ML CREME EMOLLIENTE C/40 (PRODERMA ),PRODERMA,31,2029-02-01,650.0,,,,
ELAPHARM EAU OXYGENEE 10V FL/1 LITRE C/12, ,9,2029-02-01,155.0,,,,
DERMAVIE DERMAGYN IRRITATION GEL NETTOYANT INTIME LAVANDE 200ML C/25, ,15,2029-02-01,798.0,,,,
GANT EXAMEN LATEX (M)-EXAM GLOVE C/50, ,37,2029-02-01,185.85,,,,
GANT EXAMEN LATEX (L)-EXAM GLOVE C/50 , ,0,2029-02-01,185.85,,,,
DR ALTHEA PRO LAB 345RELIFE CREAM 50ML , ,0,2029-03-01,0.0,DR_ALTHEA_PRO_LAB_345RELIFE_CREAM_50ML.png,,,
TOUCHER VITAMINE C 11% 30ML BOOSTER DECLAT , ,0,2029-03-01,0.0,,,,
TOUCHER PACK POUSSE TOUCHER (SHAMPOING+APRES SHP), ,1,2029-04-01,3250.0,,,,
TOUCHER ACIDE SALICYLIQUE ULTRA PUR 2% 30ML, ,1,2029-04-01,1900.0,,,,
POT STERILES 60ML SAC/150 C/300, ,50,2029-04-01,10.0,,,,
MAGPHARM SANTE VIE TISANE VENTRE PLAT N°06 B/15 C/16 -MINCEUR-, ,6,2029-05-01,435.0,,,,
ACM HYFAC ECRANS PROT SOLAIR TEINTÉ SPF50+ 40ML, ,2,2029-06-01,1736.8,,,,
DI HIPOSOL LAIT BEBE 250ML C/12, ,7,2029-06-01,207.9,,,,
ACM CICATRYL BIO CREME T/15ML C/150, ,6,2029-09-01,350.6,,,,
ACM VAPORINE VICK GM 50GR BAUME CHAUFFANT AUX HUILES ESSENTIELLES P/20 C/320, ,10,2029-09-01,124.5,,,,
DI HIPOSOL SHP BEBE 250ML C/12, ,4,2029-09-01,177.45,,,,
PRODERMA PURIDERM SAVON MARSEILLE JAUNE 100GR C/50, ,35,2029-09-01,95.19,,,,
SOLYNE MAGNESIUM 300MG B/10 300MG  ,SOLYNE,0,2029-10-01,850.0,,,,
SOLYNE MAGNESIUM 300MG B/10 300MG  ,SOLYNE,0,2029-11-01,850.0,,,,
EXPERT ONE HUILE ANTI-POUX 60ML C/12, ,3,2029-11-01,550.0,,,,
DI HIPOSOL TALC PARFUM BEBE C/24 100G , ,0,2029-11-01,142.8,,,,
NITRAL PLUS CREME,DAMASCUS,9,2029-11-01,200.0,,,,
GBMB BANDE DE CREPE 4M*10CM C/150,zz,150,2029-11-01,45.17,,,,
LAX-SENA 15MG COMP B/14,BEKER LABORATOIRE,200,2029-11-01,298.85,,,,
LAX-SENA 15MG COMP B/14,BEKER LABORATOIRE,0,2029-11-01,298.85,,,,
ETUMAX ROYAL HONEY B/12 T/20G, ,1,2029-12-01,4950.0,,,,
EXPERT ONE SHAMP PSORIASIS 200ML C/12, ,9,2029-12-01,384.0,,,,
MAGPHARM ACTICARBINE CONFORT DIGESTIF COMP B/14,MAG PHARM,10,2029-12-01,295.0,,,,
DERMASOUFRE SAVON VISAGE ET CORPS  100G  , ,0,2029-12-01,76.45,,,,
SPIC XETHOL SPRAY CHAUFFANT DOULEURS MUSCULAIRES C/24 150ML  , ,0,2029-12-01,407.0,,,,
DERMAVIE DERMAGYN IRRITATION GEL NETTOYANT INTIME LAVANDE 200ML C/25, ,0,2029-12-01,798.0,,,,
STAR CARE POCHE A URINE ADLT 2000ML SC-P2000 AVEC VALVE PUSH-PULL ET CLAPET ANTI-RETOUR , ,0,2029-12-01,30.24,,,,
HERBEZAL TISANE BEBE PF023 , ,0,2029-12-01,81.49,,,,
ACM DEPIWHITE ADVENCED CREME INTENSIVE ANTI TACHES 40ML,ACM LABOTRATOIRE DERMATOLOGIQUE,7,2030-01-01,2392.5,,,,
GBMB BANDE DE CREPE 4M*10CM C/150,zz,0,2030-01-01,45.17,,,,
SETEVAL STEVIOL SUCRE STEVIA POUR DIABETIQUE ET REGIME B/50, ,7,2030-01-01,450.0,,,,
EXPERT ONE SHAMPO ANTI POUX C/12 200ML  , ,0,2030-01-01,550.0,,,,
MASQUE AVEC VALVE LOCAL -BAVETTE -, ,500,2030-01-01,140.0,,,,
MASQUE AVEC VALVE LOCAL -BAVETTE -, ,0,2030-01-01,140.0,,,,
BAVETTES SACOTEX P/20, ,137,2030-01-01,90.0,,,,
ST.LE LION EMPLATRE PM B/40,AUCUN,119,2030-02-01,90.92,,,,
ST.LE LION EMPLATRE GM B/30,AUCUN,90,2030-02-01,165.87,,,,
GBMB BANDE DE CREPE 4M*20CM C/80,ZZ,65,2030-02-01,89.11,,,,
GBMB BANDE DE CREPE 4M*15CM C/100,ZZ,80,2030-02-01,64.36,,,,
MASQUE FFP2 B/30 AVEC VALVE -BAVETTE-, ,4740,2030-02-02,150.0,,,,
MASQUE AVEC VALVE LOCAL -BAVETTE -, ,0,2030-02-02,150.0,,,,
MASQUE AVEC VALVE LOCAL -BAVETTE -, ,0,2030-02-02,140.0,,,,
ECOTEM SURGI GLOVE GANT STERIL LATEX 8.0 BT/50, ,40,2030-03-01,83.75,,,,
ECOTEM SURGI GLOVE GANT STERIL LATEX 8.0 BT/50, ,0,2030-03-01,83.75,,,,
PIC INSUPEN AIGUILLE ADV 34G X 3.5 MM 100 PCS C/12,CIC,10,2030-05-01,1732.64,,,,
PIC INSUPEN 8MM  AIGULLE 100 PC PR STYLO ,CIC,0,2030-05-01,0.0,,,,
PIC INSUPEN 6MM  AIGULLE 100 PCS PR STYLO,CIC,10,2030-05-01,2199.12,,,,
ECOTEM SURGI GLOVE GANT STERIL LATEX 7.5 BT/50, ,50,2030-07-01,85.1,,,,
ECOTEM SURGI GLOVE GANT STERIL LATEX 7.0 BT/50, ,40,2030-07-01,83.75,,,,
ECOTEM SURGI GLOVE GANT STERIL LATEX 6.5 BT/50, ,40,2030-07-01,81.76,,,,
MEBO 0.25%  T/15G POMMADE DERMIQUE ,JULPHAR,0,2030-08-01,0.0,,,,
ETUMAX VIAGRA HOMME TONGKAT ALI POWER PLUS B/04 CAPS,ETUMAX,1,2030-08-01,1980.0,,,,
IMC.NIPRO SERINGUE 5CC C/800, ,13,2030-09-01,1020.0,,,,
PRODERMA.SAVON ANGELINE POUR BEBE 100 G . 125G, ,21,2030-09-01,133.88,,,,
SW. TETRA COMPRESSE OCULAIRE ADULT BT/10 C/288, ,24,2030-09-01,173.6,,,,
UL URGOFIX ULTRA-FUERTE TUBE/50, ,6,2030-10-01,1100.0,,,,
ELSEVE COLOR-VIVE SHAMPOING VIOLET DEJAUNISSEUR (CHEVEUX MECHES BLONDS OU BLANCS), ,6,2030-10-01,950.0,,,,
REPARTIDIS NEXT SPARADRAP SILK 2.5CM*5M B/12 C/30 , ,0,2030-10-01,0.0,,,,
CHICCO SUCETTE AIR SIL PHYSIOFORMA 0-6 M BLUE , ,0,2030-12-01,990.0,,,,
CHICCO SUCETTE AIR SIL PHYSIOFORMA 6-16 M BLEU , ,0,2030-12-01,990.0,,,,
CONTROL ADAPTA NATURE 06 B/24,CIC,2,2030-12-01,3806.4,,,,
CONTROL ADAPTA NATURE 12  B/15 ,CIC,0,2030-12-01,0.0,,,,
SUAVINEX BIBERON PLAST DREAM 360ML PINK, ,3,2030-12-01,1260.0,,,,
SUAVINEX BIBERON PLAST DREAM 360ML BLEU, ,3,2030-12-01,1260.0,,,,
SAFFEC COTIFLEX COTON HYDROPHILE 100G C/24 ,COTIFLEX ,0,2030-12-01,0.0,,,,
EXPERT ONE LOTION ANTI POUX C/12 200ML  , ,0,2030-12-01,550.0,,,,
HERBEZAL TISANE VERVEINE PF026  , ,0,2030-12-01,81.49,,,,
CHICCO SUCETTE CONFORT PHYSIOFORMA SIL 0-6 M BLEU , ,0,2040-01-01,990.0,,,,
DENIZ  SUCETTE PHYSIOLOGIQUE P/12 REF: SP.544 0+MOIS, ,12,2040-01-01,74.88,,,,
DENIZ SUCETTE PAPILLON NOUVEAU NÉ PAQUET/12 SP543  0+MOIS, ,12,2040-01-01,70.72,,,,
DENIZ SUCETTE 100% SILICONE PHYSIOLOGIQUE P/12 0+MOIS, ,12,2040-01-01,76.96,,,,
SW VERRE HIDJAMA ISLAMIA (S W) /P6 1*2*3*4*5*6 C/200, ,2,2040-01-01,191.36,,,,
COCCO BOUT DE SEIN NV MODEL C/24 2314, ,21,2040-01-01,230.0,,,,
DENIZ  MASSE GENSIVE A EAU-FRECH BEBY RING-REF:SP.315, ,23,2040-01-01,195.0,,,,
DENIZ TASSE A BEC/ SILICONE P/14, ,1,2040-01-01,345.0,,,,
DENIZ  CUILLERE EN SILICONE, ,34,2040-01-01,299.0,,,,
DENIZ  ATTACHE SUCETTE P/48 C/288, ,42,2040-01-01,104.0,,,,
DENIZ  SUCETTE ''EASY SYM'' TETINE SYMETRIQUE P/12 C/144 03-06MOIS, ,12,2040-10-01,100.88,,,,
SW VERRE HIDJAMA ISLAMIA (S W) 2*2*2 GM 1* 2 *3 C/200, ,3,2040-12-01,215.28,,,,
VERRE HIDJAMA ISLAMIA  PM B/6, ,3,2040-12-01,239.2,,,,
ORTHOPRO CHEVILLERE ELASTIQUE REGLABLE ,ZZ,0,2040-12-01,211.13,,,,
KIDS HEAVEN COUSSINET D'ALLAITEMENT BT/36 , ,0,2040-12-01,829.92,,,,
MEDIDIET AMD COUCHE CULOTTE (PANT) MAXI P/14 TMEDIUM C/6, ,6,2040-12-01,1106.62,,,,
STAR CARE THERMOMETRE DIGITAL FLEXIBLE WATERPOOF C/30, ,30,2040-12-01,357.5,,,,
COCCO TIRE LAIT EN VERRE C/12,COCCO,9,2040-12-01,790.0,,,,
LN PLAST SACHET PHARMACIE MM P100 C/50, ,50,2040-12-01,121.06,,,,
LN PLAST SACHET PHARMACIE GM P:100 C/30, ,30,2040-12-01,195.0,,,,
LN PLAST SACHET PHARMACIE PM P/100  C/60, ,60,2040-12-01,84.0,,,,
PANARTHRO SERRE DE POIGNET REGLABLE , ,0,2040-12-01,110.68,,,,
BANDE DE CREPE 4M*05CM C/240 (TEXMED),TEXMED,198,2040-12-01,34.5,,,,
REMOND BIB PLASTIQUE 270 ML -11- C/24, ,17,2041-12-01,809.92,,,,
"OMRON TRANSFO POUR TENSIOMETRE A BRASSARD AC ADAPTER"" P/10 C/20",AUCUN,2,2041-12-01,1626.24,,,,
FORTIMEL 2.4 K CAL/ML SAVEUR VANILLE,,24,,700.0,,,,
BIODERMA ATODERM HUIL DE DOUCHE 1LITRE,,2,,3950.0,,,,
BIOMAX VITAMINE C 250 + BISGLYSINATE DE ZINC10 MG GOUT AGRUMES B/10 CAPS EFFERVESCENT C/24,,5,,620.0,,,,
TOUCHER PACK ANTI CHUTE (SERUM+SHAMPOING),,1,,2950.0,,,,
SENSODYNE DENTIFRICE 75ML BLANCHEUR,,6,,666.66,,,,
MAGPHARM BABY GAZ SIROP 100ml,,43,,635.0,,,,
MAGPHARM PHYBABY GOUTTES 60ml,,5,,440.0,,,,
SCI NUTRIGEST + MAGNESIUM 150MG B/30,,2,,985.0,,,,
VOMITEB COMP BT/30,,13,,580.0,,,,
BIOGAIA GOUTTES PROBIOTIQUES 5ML,,10,,4000.0,,,,
MAGPHARM AVENE CICALFATE CREME GM 100ML,,5,,3840.0,,,,
VITAMINE D3 100 000 UI BUV DE 10ML,,3,,750.0,,,,
ASCALOL LOTION ANTI PARASITAIRE C/30 125ML,,153,,268.36,,,,
GARNIER DELIAL HYDRA 24 PROTECT 50+ VITAMINE 270ML,,2,,2100.0,,,,
CETAPHIL INTENSIVE REPAIR LOTION 473ML,,2,,4200.0,,,,
MARVIS 85ML GINGER MINT,,4,,2450.0,,,,
MARVIS DENT 85ML CINNAMON MINT,,6,,2450.0,,,,
EUCERIN ANTI PIGMENT GEL NET 400 ML ROSE,,3,,3700.0,,,,
BIOXCIN HERBAL SHAMPOO 3PCS,,3,,1100.0,,,,
BIODERMA SEBIUM GEL MOUSSANT NETTOYANT PURIFIANT A/PAMPE 200ML,,4,,2030.0,,,,
EUCERIN ANTI PIGMENT SERUM DUO F/30ML,,2,,6800.0,,,,
CBC BE FRESH MINI SEMELLE PARFUME (BLEU) CONFORT P/20,,3,,2000.0,,,,
SOLYNE GROSSESSE + METAFOLINE B/15,,8,,715.0,,,,
KALOSE DELICE SOLUTION ANTI POUX C/56 50ML,,10,,2100.0,,,,
VENUS ECRAN TOTAL SPF60 INVISIBLE - TUBE/50ML,,6,,330.0,,,,
SANEWTOL GEL TUBE 75G 75,,70,,415.0,,,,
LEADERMAX APHTES GEL BRULURES  T/15ML,,3,,450.0,,,,
HIGEEN BARRAD GM T/120ML,,10,,499.0,,,,
COMPRESSE NON STERILES(PURIFIEE) 10CM*10CM,,80,,77.3,,,,
NEWTRIL BAIN DB F/125ML,,180,,320.0,,,,
LRP CICAPLAST BAUME B5+ ULTRA REPARATEUR APAISANT T/100ML,,3,,3960.0,,,,
VOMITEB 100 ML SIROP,,28,,480.0,,,,
DABUR MISWEK ORIGINAL 30+15G FREE C/144 DENTIFRICE,,9,,90.0,,,,
ZEIN PHARMA FRUCHT-PLUS SELENIUM + Q10 BT 30 CPS,,2,,2490.0,,,,
UPS PROSUITEX DENT JUNIOR MIEL ET PROPOLIS 6 ANS ET PLUS 50GR P/12 C/72,,5,,120.0,,,,
SPIC AKIPOUX LOTION ANTI POUX ET LENTES 200ML   .,,10,,250.0,,,,
POULLOX SHAMPOING ANTI POUX C/30  220ML,,20,,220.0,,,,
SANEWTOL BAIN DE BOUCHE FL/225 ML,,82,,345.0,,,,
COMPRESSE 7.5* 7.5 STERILE B/10 CL/114 (TECHNIPHARM),,114,,71.83,,,,
COMPRESSE STERILE 10*10CM B/10 CL/90 (TECHNIPHARM),,50,,93.53,,,,
SCI ARTHROFIT + CURCUMA COMP B30,,5,,2985.0,,,,
XETION DORMIVIT MELATONINE 3MG B/30 C/60 PR SOMMEIL,,10,,800.0,,,,
XETION DORMIVIT 3MG MELATONINE  B/15 PR SOMMEIL,,10,,400.0,,,,
TECHNIPHARM COMPRESSE STERILE 5*5CM B/10 CL/120,,70,,5976.67,,,,
GYNORELLE SOLUTION LAVANTE DOUCE 125ML C/25,,21,,507.0,,,,
CURELAB CURE VERRUE GEL FILMOGENE,,2,,380.0,,,,
SPIC XETHOL GEL CHAUFFANT 100ML  C/24 .,,24,,337.0,,,,
LEADER LEADERMAX GEL REPARATEUR T/15ML POUR LES PLAIS BRULURES,,7,,520.0,,,,
UPS PROSUITEX DENT TRAITEMENT ANTI-TARTRES (SILICOPOLISH) 100GR P/12,,4,,206.0,,,,
SPIC AKILEINE SPRAY DEO NOIR DEODORANT PIED ANTI TRANSPIRANT 150ML P/8 C/16,,5,,436.64,,,,
SPIC AKIPOUX SHAMPO ANTI POUX ET LENTES 200ML  .,,10,,250.0,,,,
PRODERMA POLYDERMYL 50ML CREME EMOLLIENTE C/48 (PRODERMA ),,48,,299.0,,,,
GANT EXAMEN LATEX (L)-EXAM GLOVE C/50,,40,,185.85,,,,
DR ALTHEA PRO LAB 345RELIFE CREAM 50ML,,5,,3950.0,,,,
TOUCHER VITAMINE C 11% 30ML BOOSTER DECLAT,,2,,1700.0,,,,
SOLYNE MAGNESIUM 300MG B/10 300MG,,24,,850.0,,,,
DI HIPOSOL TALC PARFUM BEBE C/24 100G,,21,,142.8,,,,
DERMASOUFRE SAVON VISAGE ET CORPS  100G,,31,,76.45,,,,
SPIC XETHOL SPRAY CHAUFFANT DOULEURS MUSCULAIRES C/24 150ML,,6,,407.0,,,,
STAR CARE POCHE A URINE ADLT 2000ML SC-P2000 AVEC VALVE PUSH-PULL ET CLAPET ANTI-RETOUR,,90,,30.24,,,,
HERBEZAL TISANE BEBE PF023,,20,,81.49,,,,
EXPERT ONE SHAMPO ANTI POUX C/12 200ML,,9,,550.0,,,,
PIC INSUPEN 8MM  AIGULLE 100 PC PR STYLO,,10,,2199.12,,,,
MEBO 0.25%  T/15G POMMADE DERMIQUE,,5,,1260.0,,,,
REPARTIDIS NEXT SPARADRAP SILK 2.5CM*5M B/12 C/30,,4,,1764.0,,,,
CHICCO SUCETTE AIR SIL PHYSIOFORMA 0-6 M BLUE,,2,,990.0,,,,
CHICCO SUCETTE AIR SIL PHYSIOFORMA 6-16 M BLEU,,2,,990.0,,,,
CONTROL ADAPTA NATURE 12  B/15,,2,,4302.48,,,,
SAFFEC COTIFLEX COTON HYDROPHILE 100G C/24,,2,,2429.33,,,,
EXPERT ONE LOTION ANTI POUX C/12 200ML,,9,,550.0,,,,
HERBEZAL TISANE VERVEINE PF026,,90,,81.49,,,,
CHICCO SUCETTE CONFORT PHYSIOFORMA SIL 0-6 M BLEU,,2,,990.0,,,,
ORTHOPRO CHEVILLERE ELASTIQUE REGLABLE,,7,,211.13,,,,
KIDS HEAVEN COUSSINET D'ALLAITEMENT BT/36,,14,,829.92,,,,
PANARTHRO SERRE DE POIGNET REGLABLE,,5,,110.68,,,,
